plays	turn	game_type	play_category
44607	44	2	Other
41786	8	2	WARLOCK
10275	24	2	PALADIN
9368	30	2	PRIEST
1100	48	2	PRIEST
3011	30	2	SHAMAN
24251	12	2	WARRIOR
9918	23	2	ROGUE
53197	15	2	ROGUE
8424	24	2	MAGE
1404	33	2	MAGE
3586	33	2	DRUID
29909	18	2	The Coin
350	41	2	The Coin
5626	48	2	WARRIOR
763	69	2	WARRIOR
158717	35	3	Other
503045	1	3	Other
5334	41	3	PRIEST
34052	28	3	PRIEST
14143	32	3	WARRIOR
7951	2	3	ROGUE
107961	23	3	MAGE
49424	25	3	DRUID
64654	23	3	DRUID
7279	21	3	The Coin
35649	23	3	PALADIN
111994	16	30	Other
27991	1	30	Other
32927	26	30	Other
656	23	30	PALADIN
2217	15	30	PALADIN
602	41	30	PRIEST
506	32	30	SHAMAN
2434	16	30	MAGE
448	27	30	MAGE
5308	39	30	Other
3196	14	30	DRUID
303	59	30	Other
806	53	30	Other
83	41	30	SHAMAN
1032	28	30	SHAMAN
1123	20	30	DRUID
333	34	2	WARLOCK
20050	8	3	HUNTER
242	31	3	NEUTRAL
299	27	30	DRUID
36	39	30	PALADIN
6	85	30	PRIEST
189	54	30	PRIEST
71	60	3	Other
36	39	30	DRUID
330	1	30	PALADIN
275	60	30	Other
122	44	2	MAGE
23	45	2	WARLOCK
366	41	3	HUNTER
48	32	30	HUNTER
14	56	3	PALADIN
26	52	3	ROGUE
16	60	3	MAGE
5	41	30	HUNTER
12	50	2	SHAMAN
4	60	3	DRUID
16	2	2	PRIEST
24	49	3	WARLOCK
2	78	2	NEUTRAL
2	58	3	The Coin
2	53	30	PALADIN
2	84	2	DRUID
4	53	2	ROGUE
2	63	2	WARLOCK
1	45	30	The Coin
1	49	30	ROGUE
20277	22	2	HUNTER
1095	31	2	WARLOCK
877	32	2	WARLOCK
4368	28	2	WARLOCK
22254	22	2	PRIEST
37429	7	2	PRIEST
2390	42	2	PRIEST
2685	28	2	ROGUE
30928	10	2	MAGE
27652	12	2	MAGE
97524	10	2	DRUID
77203	12	2	DRUID
1990	36	2	DRUID
5560	9	2	The Coin
30288	34	2	NEUTRAL
94550	21	2	NEUTRAL
91	70	2	PRIEST
120	83	2	Other
2456	58	2	WARRIOR
40491	25	3	WARLOCK
23021	5	3	PRIEST
11122	36	3	PRIEST
3093	44	3	PRIEST
2632	44	3	WARRIOR
32594	4	3	WARRIOR
24996	12	3	WARRIOR
25463	9	3	WARRIOR
8270	36	3	WARRIOR
62177	15	3	ROGUE
144201	3	3	MAGE
78567	18	3	DRUID
110970	3	3	DRUID
19114	29	3	WARLOCK
9521	11	3	The Coin
257258	8	3	The Coin
198	1	3	DRUID
24801	28	30	Other
1381	10	30	HUNTER
693	4	30	HUNTER
1003	23	30	WARLOCK
2806	13	30	PALADIN
2787	12	30	PRIEST
915	36	30	PRIEST
12028	9	30	SHAMAN
9490	5	30	SHAMAN
214	36	30	SHAMAN
532	26	30	MAGE
7224	3	30	DRUID
53	32	30	The Coin
2338	4	30	WARRIOR
420	10	30	NEUTRAL
358	26	30	DRUID
8216	35	3	DRUID
19316	10	3	WARRIOR
5	54	30	The Coin
15	5	2	The Coin
189	65	2	NEUTRAL
120	46	3	The Coin
234	44	3	HUNTER
74	62	30	PRIEST
2	45	30	ROGUE
7	47	30	PALADIN
2	80	2	DRUID
1	83	30	NEUTRAL
1	61	30	WARLOCK
2	55	30	SHAMAN
7	52	2	SHAMAN
1	45	30	WARLOCK
1	70	2	HUNTER
1	81	2	The Coin
1	64	3	ROGUE
113760	37	2	Other
9031	57	2	Other
16304	24	2	WARLOCK
25468	20	2	PRIEST
20038	20	2	SHAMAN
15083	22	2	SHAMAN
1113	34	2	SHAMAN
22835	8	2	WARRIOR
66408	13	2	ROGUE
16155	21	2	MAGE
125083	4	2	DRUID
159742	2	2	The Coin
4606	51	2	WARRIOR
14849	40	2	NEUTRAL
7755	45	2	NEUTRAL
300	58	2	PRIEST
49	74	2	PRIEST
725	51	2	PRIEST
1266	65	2	WARRIOR
10678	47	3	Other
2967407	13	3	Other
83541	38	3	Other
3130	33	3	HUNTER
515	40	3	WARLOCK
51825	12	3	PRIEST
47568	9	3	PRIEST
18163	33	3	PRIEST
4467	36	3	SHAMAN
34834	9	3	SHAMAN
40697	8	3	ROGUE
1948	32	3	The Coin
22436	5	3	HUNTER
12174	30	3	SHAMAN
28241	27	3	WARLOCK
3274	43	30	Other
3148	21	30	NEUTRAL
1295	37	30	NEUTRAL
84	45	3	WARLOCK
266	55	3	PRIEST
3458	34	3	ROGUE
430	27	30	WARLOCK
14	43	30	MAGE
17	31	30	The Coin
14	72	30	WARRIOR
73	55	3	SHAMAN
344	47	3	PALADIN
15	54	3	The Coin
85	37	3	NEUTRAL
251	30	30	MAGE
45	49	2	PALADIN
4	47	30	MAGE
17	43	30	DRUID
6	83	30	WARRIOR
22	35	30	WARLOCK
13	80	30	PRIEST
1	77	30	DRUID
4	50	30	MAGE
3	56	3	WARLOCK
8	83	30	PRIEST
9	49	3	NEUTRAL
2	58	2	HUNTER
3	69	2	The Coin
4	62	3	SHAMAN
2	69	3	WARRIOR
1	69	3	PRIEST
1	46	30	WARLOCK
1	59	3	ROGUE
1	75	30	NEUTRAL
292668	31	2	Other
896053	24	2	Other
39399	19	2	HUNTER
45541	17	2	HUNTER
83667	13	2	HUNTER
208	38	2	HUNTER
2611	31	2	PALADIN
28580	13	2	PRIEST
28743	17	2	PRIEST
29247	19	2	PRIEST
3802	38	2	PRIEST
1192	47	2	PRIEST
22931	9	2	WARRIOR
20117	30	2	WARRIOR
21125	20	2	ROGUE
3350	27	2	ROGUE
417	76	2	Other
3604	28	2	MAGE
1656	32	2	MAGE
8558	28	2	DRUID
4265	32	2	DRUID
89019	6	2	DRUID
804	40	2	DRUID
841	50	2	PRIEST
93538	14	2	The Coin
1955	55	2	NEUTRAL
913	9	2	NEUTRAL
802418	27	3	Other
1628100	23	3	Other
27361	25	3	PALADIN
20202	27	3	PALADIN
63779	14	3	PRIEST
41024	14	3	SHAMAN
4737	40	3	WARRIOR
132943	21	3	MAGE
83817	25	3	MAGE
45683	29	3	MAGE
36242	27	3	DRUID
25825	29	3	DRUID
2524	36	3	WARLOCK
68	48	3	The Coin
22808	28	3	WARRIOR
2886	39	3	SHAMAN
361	56	3	Other
1975	46	3	WARRIOR
79485	21	3	DRUID
121137	15	30	Other
1937	11	30	HUNTER
1116	8	30	HUNTER
369	27	30	PALADIN
9145	35	30	Other
1590	20	30	MAGE
657	23	30	DRUID
3328	9	30	ROGUE
1202	24	30	WARRIOR
37911	16	3	SHAMAN
240	29	30	PALADIN
78	35	30	PALADIN
47	21	30	The Coin
31	81	2	PRIEST
136	53	3	SHAMAN
13	37	30	WARLOCK
59	57	3	MAGE
226	32	3	NEUTRAL
30	66	30	WARRIOR
15	54	2	PALADIN
12	86	30	PRIEST
192	79	2	Other
2	50	2	HUNTER
51	61	3	Other
15	73	30	PRIEST
52	41	3	NEUTRAL
12	57	3	PALADIN
41	58	3	MAGE
58	40	3	NEUTRAL
13	54	2	DRUID
26	57	3	DRUID
3	58	2	WARLOCK
1	79	30	NEUTRAL
2	61	2	ROGUE
7	61	3	DRUID
15	61	3	MAGE
1	76	30	NEUTRAL
1	60	30	DRUID
2	63	3	SHAMAN
2	57	2	ROGUE
3	54	3	NEUTRAL
3	67	2	HUNTER
2	46	30	HUNTER
2	84	30	WARRIOR
2	49	30	WARLOCK
1	77	2	HUNTER
1	61	3	PALADIN
1	87	30	NEUTRAL
31061	20	2	HUNTER
463	33	2	WARLOCK
70896	17	2	WARLOCK
17120	25	2	PRIEST
21179	23	2	PRIEST
13687	23	2	SHAMAN
6194	27	2	SHAMAN
3884	29	2	SHAMAN
45372	14	2	WARRIOR
93	1	2	WARRIOR
40328	16	2	WARRIOR
25418	19	2	ROGUE
31766	17	2	ROGUE
2962	30	2	The Coin
176	48	2	The Coin
1536	63	2	WARRIOR
523	75	2	Other
938	59	2	NEUTRAL
26401	35	2	NEUTRAL
76478	15	2	NEUTRAL
2675	53	2	NEUTRAL
232	78	2	Other
573	71	2	WARRIOR
1413989	24	3	Other
43065	8	3	WARLOCK
26443	30	3	PRIEST
1930	2	3	SHAMAN
1275	49	3	WARRIOR
91710	24	3	MAGE
2644	44	3	MAGE
53412	24	3	DRUID
4701	28	3	The Coin
28430	24	3	PALADIN
1693	36	3	HUNTER
60990	14	3	ROGUE
87106	19	30	Other
125320	10	30	Other
101053	17	30	Other
7014	37	30	Other
1532	12	30	HUNTER
1738	9	30	HUNTER
2711	6	30	WARLOCK
3405	7	30	PRIEST
335	48	30	PRIEST
1897	47	30	Other
1490	21	30	WARRIOR
2613	10	30	MAGE
4606	10	30	DRUID
1374	18	30	ROGUE
22	69	30	PRIEST
8	75	30	WARRIOR
81	38	2	WARLOCK
581	37	2	The Coin
7935	30	3	HUNTER
6816	33	3	PALADIN
31	35	30	ROGUE
331	49	30	NEUTRAL
34947	9	3	HUNTER
323	41	3	WARLOCK
138	8	2	NEUTRAL
70	58	30	WARRIOR
86	49	2	DRUID
252	60	2	PRIEST
46	50	3	HUNTER
21	51	3	ROGUE
89	68	2	PRIEST
31	55	3	PALADIN
6	55	3	HUNTER
30	1	30	ROGUE
7	5	30	The Coin
3	70	2	DRUID
4	53	2	HUNTER
9	40	30	WARLOCK
15	47	2	ROGUE
33	70	30	PRIEST
9	47	2	WARLOCK
13	88	30	PRIEST
1	64	2	MAGE
2	78	2	DRUID
8	50	2	WARLOCK
8	53	3	ROGUE
1	62	3	PALADIN
2	68	2	HUNTER
1	61	2	SHAMAN
131449	36	2	Other
2006656	9	2	Other
11686	55	2	Other
2608	30	2	HUNTER
277	37	2	HUNTER
9059	26	2	WARLOCK
56	39	2	WARLOCK
48642	9	2	PALADIN
4255	37	2	PRIEST
4649	62	2	Other
18913	21	2	SHAMAN
42082	4	2	SHAMAN
33950	22	2	WARRIOR
37316	7	2	WARRIOR
93	40	2	ROGUE
35061	13	2	MAGE
23246	19	2	MAGE
18336	5	2	MAGE
520	38	2	MAGE
137219	5	2	DRUID
73780	13	2	DRUID
44484	17	2	DRUID
1298	38	2	DRUID
5466	19	2	The Coin
4236	17	2	The Coin
4867	13	2	The Coin
8621	42	2	WARRIOR
3251	52	2	NEUTRAL
1892	61	2	WARRIOR
1972497	6	3	Other
1689	40	3	PALADIN
20852	6	3	PALADIN
72193	17	3	PRIEST
1771	47	3	PRIEST
21671	26	3	SHAMAN
38906	13	3	WARRIOR
43834	17	3	WARRIOR
6267	38	3	WARRIOR
21471	5	3	WARRIOR
26901	32	3	MAGE
136692	11	3	MAGE
5847	40	3	MAGE
1687	46	3	MAGE
879	54	3	Other
2997	40	3	DRUID
42443	6	3	DRUID
11272	15	3	The Coin
666	35	3	The Coin
55955	13	3	HUNTER
12711	28	3	HUNTER
54206	8	3	DRUID
843	5	30	HUNTER
13968	32	30	Other
3265	13	30	PRIEST
820	38	30	PRIEST
4359	19	30	SHAMAN
9688	13	30	SHAMAN
59	43	30	SHAMAN
1215	6	30	MAGE
4652	11	30	DRUID
700	22	30	ROGUE
86	55	30	WARRIOR
1318	36	30	NEUTRAL
598	44	30	NEUTRAL
144	55	30	NEUTRAL
182	9	30	NEUTRAL
729	2	2	MAGE
560	24	3	NEUTRAL
44488	7	3	ROGUE
26	40	30	MAGE
7	67	30	NEUTRAL
165	47	2	The Coin
133	32	30	DRUID
57	2	30	WARRIOR
44	34	30	ROGUE
14	46	30	DRUID
139	32	30	PALADIN
47	34	30	The Coin
11	52	3	WARLOCK
5	50	3	NEUTRAL
19	84	30	Other
6	67	3	WARRIOR
44	62	30	WARRIOR
27	82	2	PRIEST
14	50	30	SHAMAN
30	54	3	PALADIN
20	46	2	ROGUE
9	87	30	Other
9	53	3	The Coin
12	46	30	PALADIN
8	55	2	PALADIN
1	71	30	DRUID
1	87	2	ROGUE
3	59	2	WARLOCK
1	5	30	NEUTRAL
3	54	30	MAGE
1	65	3	DRUID
1	65	3	MAGE
24666	49	2	Other
42	42	2	HUNTER
168	80	2	Other
64020	18	2	WARLOCK
3510	30	2	PALADIN
1049	36	2	PALADIN
320	57	2	PRIEST
9423	25	2	SHAMAN
26219	27	2	WARRIOR
36740	20	2	WARRIOR
164211	3	2	ROGUE
2111	2	2	DRUID
87	48	2	PALADIN
89185	22	2	NEUTRAL
180	61	2	PRIEST
853	32	2	ROGUE
319	74	2	WARRIOR
299030	32	3	Other
13621	46	3	Other
16108	28	3	PALADIN
72711	13	3	PRIEST
8227	38	3	PRIEST
1411	43	3	SHAMAN
365	2	3	WARRIOR
330	55	3	WARRIOR
13706	33	3	WARRIOR
24130	25	3	ROGUE
4689	41	3	MAGE
710	46	3	DRUID
316	39	3	The Coin
231	41	3	The Coin
9992	29	3	ROGUE
40460	22	3	ROGUE
87226	11	3	DRUID
2331	41	3	DRUID
48589	3	30	Other
4778	3	30	PALADIN
310	50	30	PRIEST
6064	17	30	SHAMAN
1393	9	30	WARRIOR
1048	20	30	ROGUE
3607	6	30	DRUID
2781	14	30	ROGUE
5	80	30	WARRIOR
1289	12	30	NEUTRAL
313	44	2	DRUID
6	41	30	The Coin
333	50	3	SHAMAN
21	1	3	The Coin
288	30	3	NEUTRAL
311	24	30	HUNTER
232	31	30	MAGE
12	81	30	PRIEST
152	55	30	PRIEST
150	38	30	SHAMAN
138	31	30	DRUID
122	36	3	NEUTRAL
26	47	30	SHAMAN
24	40	30	The Coin
5	48	2	HUNTER
3	59	3	The Coin
12	2	30	PRIEST
27	33	30	HUNTER
1	60	3	ROGUE
3	54	30	DRUID
1	58	30	WARLOCK
1	79	2	ROGUE
1	55	3	NEUTRAL
1352188	5	2	Other
64497	4	2	HUNTER
102233	1	2	WARLOCK
93439	14	2	WARLOCK
63958	15	2	WARLOCK
52041	5	2	PALADIN
32114	12	2	SHAMAN
48386	10	2	SHAMAN
42263	6	2	ROGUE
30292	17	2	MAGE
5242	31	2	DRUID
403	43	2	DRUID
12451	37	2	WARRIOR
11548	42	2	NEUTRAL
198	35	2	WARLOCK
2788477	11	3	Other
53491	40	3	Other
47772	18	3	HUNTER
46831	14	3	HUNTER
19801	26	3	HUNTER
43155	26	3	PRIEST
60773	3	3	SHAMAN
3512	43	3	WARRIOR
1372	37	3	ROGUE
81512	8	3	MAGE
441	51	3	MAGE
25920	20	3	The Coin
37971	18	3	SHAMAN
428	42	3	ROGUE
23960	8	3	PALADIN
93842	6	30	Other
2150	46	30	Other
1745	28	30	PRIEST
1912	13	30	WARRIOR
411	38	30	WARRIOR
2780	11	30	MAGE
13421	8	30	The Coin
1158	5	30	WARRIOR
241	44	30	WARRIOR
19	79	30	Other
2099	31	30	NEUTRAL
2359	6	30	PALADIN
610	33	30	WARRIOR
173	43	2	MAGE
123	28	30	HUNTER
10309	34	3	DRUID
487	43	30	PRIEST
31	62	30	NEUTRAL
7	51	2	WARLOCK
181	32	30	MAGE
25	56	3	DRUID
180	33	3	NEUTRAL
85	15	30	The Coin
25	76	30	Other
16	88	2	WARRIOR
14	58	3	DRUID
18	83	2	PRIEST
39	7	2	NEUTRAL
52	50	2	DRUID
6	76	2	The Coin
8	68	3	Other
25	41	30	MAGE
4	59	3	PALADIN
17	67	30	WARRIOR
1	52	30	WARLOCK
4	53	2	WARLOCK
12	89	30	Other
22	51	3	The Coin
15	50	2	MAGE
1	53	30	The Coin
1	89	2	ROGUE
1	65	30	DRUID
2	51	30	The Coin
1	52	30	ROGUE
486184	28	2	Other
209998	33	2	Other
2597	66	2	Other
42467	13	2	PALADIN
5210	28	2	PALADIN
1697	33	2	PALADIN
19000	4	2	PRIEST
25834	10	2	PRIEST
58397	9	2	SHAMAN
649	36	2	SHAMAN
54538	11	2	ROGUE
5799	25	2	ROGUE
677	41	2	DRUID
5999	26	2	The Coin
52587	16	2	The Coin
458	39	2	The Coin
2259	67	2	Other
5488	48	2	NEUTRAL
49110	30	2	NEUTRAL
20741	37	2	NEUTRAL
17451	45	3	Other
46455	16	3	HUNTER
60880	16	3	PRIEST
62284	18	3	PRIEST
7344	39	3	PRIEST
18908	6	3	SHAMAN
5785	35	3	SHAMAN
2002	45	3	MAGE
895	45	3	DRUID
15480	30	3	WARLOCK
17614	22	3	The Coin
261	42	3	The Coin
4712	41	3	WARRIOR
372	28	3	NEUTRAL
8913	30	3	ROGUE
65365	9	3	WARLOCK
1555	14	30	HUNTER
2630	12	30	WARLOCK
2068	26	30	PRIEST
5374	18	30	SHAMAN
1422	26	30	SHAMAN
4720	40	30	Other
903	28	30	WARRIOR
729	31	30	WARRIOR
3611	7	30	ROGUE
2097	8	30	MAGE
4498	8	30	DRUID
2643	11	30	PALADIN
115	39	30	SHAMAN
289	43	30	WARRIOR
1808	33	30	NEUTRAL
2814	24	30	NEUTRAL
868	41	30	NEUTRAL
455	56	30	Other
66	44	2	SHAMAN
1269	2	3	WARLOCK
621	39	3	HUNTER
8	45	30	PALADIN
512	45	3	PALADIN
7	42	30	ROGUE
82	59	3	PRIEST
12	1	3	SHAMAN
21	40	30	PALADIN
81	56	3	MAGE
24	52	3	The Coin
25	37	30	ROGUE
22	45	2	ROGUE
9	65	3	Other
6	1	3	PRIEST
14	7	30	The Coin
1	61	30	DRUID
2	60	2	WARLOCK
6	77	30	PRIEST
17	1	3	HUNTER
11	66	30	NEUTRAL
8	47	2	HUNTER
9	46	30	MAGE
2	86	2	DRUID
4	48	30	ROGUE
5	3	2	The Coin
1	83	2	NEUTRAL
1	58	30	The Coin
37885	8	2	HUNTER
62326	10	2	WARLOCK
6121	60	2	Other
8199	25	2	PALADIN
11585	23	2	PALADIN
15699	21	2	PALADIN
2664	41	2	PRIEST
39944	1	2	SHAMAN
861	35	2	SHAMAN
9440	41	2	WARRIOR
4818	2	2	ROGUE
13988	25	2	DRUID
3539	54	2	WARRIOR
1892	68	2	Other
7106	46	2	NEUTRAL
61449	28	2	NEUTRAL
38789	32	2	NEUTRAL
1517	30	2	ROGUE
4487	50	3	Other
1175	49	3	PRIEST
13869	28	3	ROGUE
749	40	3	ROGUE
153520	19	3	MAGE
148163	17	3	MAGE
8816	38	3	MAGE
92946	19	3	DRUID
34299	25	3	WARRIOR
50935	19	3	PALADIN
9065	32	3	WARLOCK
93034	17	3	DRUID
99897	13	3	DRUID
44689	2	30	Other
2101	18	30	WARLOCK
597	26	30	WARLOCK
175	2	30	MAGE
914	2	30	DRUID
13000	4	30	The Coin
10484	10	30	The Coin
232	30	30	PALADIN
1276	23	30	WARRIOR
1146	25	30	WARRIOR
977	27	30	WARRIOR
1588	48	30	Other
2990	22	30	NEUTRAL
2734	20	30	NEUTRAL
109	57	30	PRIEST
832	29	30	WARRIOR
751	34	2	HUNTER
251	59	2	PRIEST
3	70	2	The Coin
139	63	2	PRIEST
545	47	3	DRUID
4573	38	3	DRUID
100	58	30	PRIEST
197	76	2	WARRIOR
53	37	30	PALADIN
50	73	2	PRIEST
669	21	3	NEUTRAL
51	60	30	NEUTRAL
38	1	3	WARLOCK
16	51	2	SHAMAN
321	29	3	NEUTRAL
45	49	3	HUNTER
160	44	3	The Coin
44	61	30	WARRIOR
32	85	2	WARRIOR
18	44	30	The Coin
13	86	2	PRIEST
16	49	30	SHAMAN
16	82	30	PRIEST
2	59	2	HUNTER
8	53	2	SHAMAN
7	56	2	DRUID
10	48	30	PALADIN
1	56	2	MAGE
1	63	2	HUNTER
4	59	2	SHAMAN
3	57	2	MAGE
1	73	2	HUNTER
1	81	2	ROGUE
35199	46	2	Other
1615239	6	2	Other
121259	3	2	HUNTER
3011	65	2	Other
25849	18	2	PRIEST
8421	3	2	PRIEST
103	45	2	MAGE
17724	20	2	The Coin
6790	15	2	The Coin
451	40	2	PALADIN
332	40	2	MAGE
81155	17	2	NEUTRAL
10026	43	2	NEUTRAL
54590	13	2	NEUTRAL
1081	66	2	WARRIOR
248	45	2	DRUID
160	44	3	WARLOCK
2586	45	3	WARRIOR
11640	31	3	WARLOCK
845	36	3	The Coin
10690	34	3	WARRIOR
78244	20	30	Other
6481	5	30	WARLOCK
6170	15	30	SHAMAN
936	6	30	WARRIOR
3173	13	30	ROGUE
3030	5	30	ROGUE
1533	21	30	MAGE
5180	12	30	The Coin
350	40	30	WARRIOR
329	34	30	SHAMAN
559	45	30	NEUTRAL
832	11	30	NEUTRAL
225	46	30	WARRIOR
68	41	2	HUNTER
47	53	2	The Coin
18	64	3	PRIEST
50	37	30	MAGE
50	9	30	The Coin
487	25	30	PALADIN
54	37	30	DRUID
28	65	30	WARRIOR
291	43	3	ROGUE
105	67	2	NEUTRAL
67	33	30	WARLOCK
46	33	30	ROGUE
28	79	2	PRIEST
37	50	3	ROGUE
16	60	2	The Coin
17	38	30	ROGUE
15	65	30	NEUTRAL
1	65	2	PALADIN
6	53	30	SHAMAN
6	51	3	NEUTRAL
1	57	30	PALADIN
3	44	30	WARLOCK
6	48	2	WARLOCK
2	49	30	The Coin
1	57	30	MAGE
247273	32	2	Other
2230989	11	2	Other
13208	54	2	Other
36880	18	2	HUNTER
63096	7	2	WARLOCK
2322	32	2	PALADIN
138	46	2	PALADIN
2063	43	2	PRIEST
62869	3	2	SHAMAN
11267	38	2	WARRIOR
8224	43	2	WARRIOR
13783	22	2	ROGUE
14359	6	2	MAGE
1565	34	2	The Coin
4856	50	2	WARRIOR
3327	55	2	WARRIOR
18639	38	2	NEUTRAL
33887	33	2	NEUTRAL
1962759	22	3	Other
1158526	25	3	Other
48139	24	3	WARLOCK
51789	5	3	WARLOCK
43818	21	3	PALADIN
66129	20	3	PRIEST
15042	34	3	PRIEST
43527	15	3	SHAMAN
12582	6	3	WARRIOR
38623	5	3	ROGUE
1255	38	3	ROGUE
10594	37	3	MAGE
304	49	3	DRUID
5495	37	3	DRUID
6556	33	3	WARLOCK
71618	13	3	ROGUE
59578	17	3	ROGUE
49979	23	30	Other
58900	22	30	Other
28356	27	30	Other
2249	10	30	WARLOCK
3684	42	30	Other
886	22	30	PALADIN
3543	8	30	PRIEST
8725	14	30	SHAMAN
651	2	30	ROGUE
723	25	30	MAGE
1070	23	30	MAGE
320	29	30	MAGE
470	25	30	DRUID
927	40	30	NEUTRAL
265	51	30	PRIEST
653	32	30	WARRIOR
103	54	30	WARRIOR
290	41	2	PALADIN
2836	34	3	HUNTER
754	51	3	PRIEST
6282	34	3	SHAMAN
788	49	3	MAGE
4762	9	3	The Coin
227	57	3	Other
180	54	30	NEUTRAL
32	43	2	HUNTER
86	51	2	The Coin
30	51	3	HUNTER
30	47	2	SHAMAN
229	61	30	Other
213	29	30	DRUID
10	59	2	The Coin
4	6	30	NEUTRAL
40	65	30	PRIEST
51	42	2	ROGUE
31	77	2	PRIEST
32	74	30	Other
27	63	3	PRIEST
99	84	2	Other
42	63	3	WARRIOR
18	59	3	SHAMAN
1	67	3	ROGUE
10	51	30	SHAMAN
6	79	30	WARRIOR
47	49	3	The Coin
13	46	3	NEUTRAL
49	81	2	WARRIOR
5	87	30	WARRIOR
11	11	3	NEUTRAL
1	5	2	NEUTRAL
2	64	2	WARLOCK
9	68	30	NEUTRAL
1	89	30	NEUTRAL
2	45	30	HUNTER
6	40	30	HUNTER
1	56	30	PALADIN
1335968	21	2	Other
2255680	12	2	Other
1670	69	2	Other
3462	29	2	HUNTER
51363	7	2	HUNTER
101815	13	2	WARLOCK
3443	64	2	Other
28896	7	2	PALADIN
10833	29	2	PRIEST
13623	27	2	PRIEST
43041	15	2	WARRIOR
33728	23	2	WARRIOR
229304	4	2	The Coin
10900	39	2	WARRIOR
2326	59	2	WARRIOR
88366	20	2	NEUTRAL
3582	51	2	NEUTRAL
60281	14	2	NEUTRAL
3965	53	2	WARRIOR
1035633	3	3	Other
44262	17	3	SHAMAN
47325	13	3	SHAMAN
50465	20	3	ROGUE
32580	31	3	MAGE
159	54	3	MAGE
43781	18	3	The Coin
7289	26	3	The Coin
45907	19	3	SHAMAN
952	50	3	PRIEST
14879	32	3	DRUID
2752	11	30	WARLOCK
2172	8	30	WARLOCK
1552	30	30	PRIEST
3658	9	30	PRIEST
9386	2	30	SHAMAN
650	24	30	PALADIN
3113	8	30	ROGUE
2493	15	30	ROGUE
163	49	30	WARRIOR
7864	32	3	PALADIN
3165	38	3	SHAMAN
75	30	30	HUNTER
724	30	30	SHAMAN
606	47	3	SHAMAN
17987	31	3	DRUID
23	12	3	NEUTRAL
48	2	3	PRIEST
58	54	3	DRUID
58	36	30	PALADIN
25	52	2	DRUID
157	28	30	The Coin
6	69	30	NEUTRAL
20	36	30	HUNTER
17	69	30	WARRIOR
12	55	2	DRUID
27	43	2	WARLOCK
16	44	30	DRUID
31	49	2	MAGE
8	44	30	MAGE
5	74	2	NEUTRAL
1	62	30	PALADIN
14	70	30	WARRIOR
11	51	3	WARLOCK
4	52	2	MAGE
6	57	2	SHAMAN
1	58	3	WARLOCK
1	51	30	ROGUE
1	79	30	DRUID
2	9	3	NEUTRAL
1	78	30	NEUTRAL
1	53	30	ROGUE
39407	45	2	Other
178943	34	2	Other
10412	56	2	Other
102487	2	2	WARLOCK
162979	5	2	WARLOCK
1553	34	2	PALADIN
24817	14	2	PRIEST
23000	16	2	PRIEST
3412	39	2	PRIEST
274	39	2	SHAMAN
25727	16	2	SHAMAN
26698	26	2	WARRIOR
60056	10	2	ROGUE
12001	22	2	The Coin
431	42	2	The Coin
36955	11	2	SHAMAN
139	82	2	Other
12667	41	2	NEUTRAL
81219	18	2	NEUTRAL
340	63	2	NEUTRAL
13	73	2	NEUTRAL
122	45	2	PALADIN
2798849	19	3	Other
2984345	17	3	Other
2582267	10	3	Other
83	48	3	HUNTER
30833	10	3	PALADIN
1455	48	3	PRIEST
4373	42	3	PRIEST
148	58	3	WARRIOR
840	39	3	ROGUE
145115	3	3	ROGUE
108513	10	3	MAGE
123996	12	3	MAGE
66295	10	3	DRUID
1160	44	3	DRUID
11790	13	3	The Coin
77559	11	3	WARLOCK
62480	4	30	Other
135	31	30	WARLOCK
2442	12	30	PALADIN
2872	10	30	PALADIN
246	52	30	PRIEST
7489	7	30	SHAMAN
2800	22	30	SHAMAN
1900	4	30	MAGE
5134	4	30	DRUID
310	24	30	The Coin
3658	4	30	PALADIN
86	57	30	NEUTRAL
30	64	30	WARRIOR
3721	36	3	PALADIN
202	52	3	SHAMAN
2253	35	3	ROGUE
68	58	30	NEUTRAL
110	56	30	NEUTRAL
8	33	30	The Coin
10	52	30	SHAMAN
59	71	2	PRIEST
68	42	30	SHAMAN
19	1	3	ROGUE
18	48	30	SHAMAN
2	62	30	The Coin
9	56	2	PALADIN
17	78	30	PRIEST
7	54	3	WARLOCK
5	89	2	PRIEST
1	55	30	The Coin
5	41	30	ROGUE
5	51	2	HUNTER
1	58	2	MAGE
1	82	30	NEUTRAL
48848	10	2	HUNTER
2502	29	2	WARLOCK
37528	20	2	WARLOCK
10966	25	2	WARLOCK
25943	22	2	WARLOCK
1867	44	2	PRIEST
60462	4	2	WARRIOR
22517	10	2	WARRIOR
16248	21	2	ROGUE
1832	29	2	ROGUE
33724	3	2	MAGE
23098	18	2	MAGE
38907	18	2	DRUID
590	1	2	DRUID
2414	35	2	DRUID
246	46	2	The Coin
549	2	2	WARRIOR
4230	50	2	NEUTRAL
92514	19	2	NEUTRAL
542308	29	3	Other
55343	15	3	HUNTER
1820	35	3	HUNTER
164	43	3	WARLOCK
61093	23	3	PRIEST
70065	15	3	PRIEST
13510	35	3	PRIEST
20778	27	3	SHAMAN
37523	18	3	WARRIOR
60115	19	3	ROGUE
18863	34	3	MAGE
1123	38	3	WARLOCK
1306	16	30	HUNTER
2721	9	30	WARLOCK
2919	14	30	PRIEST
925	35	30	PRIEST
2620	18	30	PRIEST
2811	16	30	PRIEST
5581	16	30	SHAMAN
3808	3	30	SHAMAN
13182	1	30	SHAMAN
245	35	30	SHAMAN
83	68	30	Other
7	45	30	DRUID
451	22	30	The Coin
949	21	30	PALADIN
1183	19	30	ROGUE
327	41	30	WARRIOR
2468	45	30	Other
2402	28	30	NEUTRAL
1833	32	30	NEUTRAL
303	41	2	MAGE
810	35	2	The Coin
15086	27	3	HUNTER
129	59	3	WARRIOR
10564	35	3	WARRIOR
122	58	3	Other
12	39	30	HUNTER
58	63	30	PRIEST
462	53	3	PRIEST
114	30	30	ROGUE
1174	7	3	The Coin
4	64	3	MAGE
110	14	3	NEUTRAL
23	71	30	PRIEST
12	45	30	MAGE
16	50	3	WARLOCK
27	34	30	HUNTER
14	1	3	WARRIOR
3	56	30	DRUID
2	57	30	DRUID
5	85	30	WARRIOR
1	55	3	WARLOCK
3	81	2	NEUTRAL
2	1	30	PRIEST
6	52	2	WARLOCK
6	58	3	PALADIN
2	86	30	WARRIOR
11	53	3	HUNTER
1	75	30	DRUID
1	56	30	MAGE
27186	16	2	PALADIN
7350	26	2	PALADIN
28680	18	2	PALADIN
8431	31	2	PRIEST
18258	24	2	PRIEST
10762	24	2	SHAMAN
2351	31	2	SHAMAN
47591	13	2	WARRIOR
41140	17	2	WARRIOR
39686	19	2	WARRIOR
55935	15	2	DRUID
3863	23	2	The Coin
6365	47	2	WARRIOR
2203507	21	3	Other
47254	20	3	HUNTER
40397	27	3	PRIEST
6262	49	3	Other
38499	20	3	SHAMAN
566	53	3	WARRIOR
32581	14	3	WARRIOR
39272	15	3	WARRIOR
278864	2	3	The Coin
21160	29	30	Other
66443	21	30	Other
37543	25	30	Other
1665	15	30	HUNTER
3155	15	30	PRIEST
697	39	30	PRIEST
2560	23	30	PRIEST
1167	27	30	SHAMAN
1547	17	30	ROGUE
1643	18	30	WARRIOR
337	58	30	Other
10	73	30	WARRIOR
36	63	30	WARRIOR
966	21	30	DRUID
221	1	2	MAGE
38861	22	3	HUNTER
260	51	30	NEUTRAL
36	76	2	PRIEST
218	56	3	PRIEST
30	36	30	WARLOCK
91	86	2	Other
99	85	2	Other
48	72	30	Other
195	49	3	PALADIN
883	51	3	WARRIOR
228	16	3	NEUTRAL
207	53	30	PRIEST
24	63	30	NEUTRAL
64	39	3	NEUTRAL
184	45	2	The Coin
34	56	2	The Coin
3	52	30	The Coin
17	51	2	MAGE
92	47	3	ROGUE
47	51	2	DRUID
89	59	30	PRIEST
1	50	30	WARLOCK
18	75	30	Other
2	74	2	DRUID
1	58	30	PALADIN
2	71	2	HUNTER
11	60	3	SHAMAN
2	48	30	The Coin
4	43	30	WARLOCK
2	50	30	ROGUE
4	59	2	DRUID
1	63	2	PALADIN
2117116	10	2	Other
1239	2	2	HUNTER
43632	10	2	PALADIN
24797	19	2	SHAMAN
44975	16	2	ROGUE
27627	18	2	ROGUE
308	35	2	ROGUE
2152	31	2	MAGE
768	36	2	MAGE
16262	24	2	DRUID
4665	49	2	NEUTRAL
4126	52	2	WARRIOR
3006413	15	3	Other
66535	39	3	Other
4767	32	3	HUNTER
67283	12	3	WARLOCK
43964	11	3	PALADIN
52	53	3	PALADIN
437	46	3	PALADIN
16392	28	3	SHAMAN
33257	24	3	WARRIOR
17778	31	3	WARRIOR
1587	53	3	Other
99	59	3	Other
92605	18	30	Other
126360	14	30	Other
1412	21	30	WARLOCK
2424	24	30	PRIEST
1362	31	30	PRIEST
563	31	30	SHAMAN
2299	16	30	DRUID
16946	6	30	The Coin
2001	16	30	PALADIN
59	31	30	HUNTER
479	36	30	WARRIOR
201	47	30	WARRIOR
687	1	30	DRUID
478	37	2	SHAMAN
113	78	2	WARRIOR
1244	34	3	The Coin
55	71	30	Other
47	40	2	WARLOCK
185	44	2	PALADIN
360	33	30	SHAMAN
84	35	30	MAGE
68	35	30	DRUID
186	1	2	ROGUE
40	49	3	ROGUE
14	54	3	HUNTER
45	66	30	PRIEST
94	39	2	ROGUE
308	43	2	The Coin
28	70	2	NEUTRAL
49	62	3	WARRIOR
1	59	2	ROGUE
22	1	30	MAGE
9	66	3	WARRIOR
8	66	3	PRIEST
4	66	2	DRUID
2	51	30	DRUID
1	62	2	MAGE
1	71	2	ROGUE
1	65	30	The Coin
17016	52	2	Other
1549391	20	2	Other
1183210	22	2	Other
1815062	7	2	Other
27727	48	2	Other
10206	25	2	HUNTER
14085	22	2	PALADIN
1573	45	2	PRIEST
18281	8	2	SHAMAN
25328	6	2	WARRIOR
49712	5	2	ROGUE
12551	22	2	MAGE
27943	7	2	MAGE
210	42	2	MAGE
1677	37	2	DRUID
95148	7	2	DRUID
105244	12	2	The Coin
108	49	2	The Coin
9800	40	2	WARRIOR
16136	39	2	NEUTRAL
87863	23	2	NEUTRAL
68	68	2	NEUTRAL
801	60	2	NEUTRAL
10312	11	2	NEUTRAL
85	48	2	DRUID
671807	28	3	Other
21489	44	3	Other
241077	33	3	Other
128663	36	3	Other
993	38	3	HUNTER
56765	17	3	HUNTER
85601	15	3	WARLOCK
160	50	3	PALADIN
47710	17	3	PALADIN
9930	31	3	PALADIN
2505	38	3	PALADIN
858	43	3	PALADIN
42085	10	3	PRIEST
9982	37	3	PRIEST
37771	4	3	SHAMAN
3597	42	3	WARRIOR
34589	23	3	ROGUE
151175	13	3	MAGE
22636	33	3	MAGE
69690	5	3	MAGE
54361	13	3	PALADIN
15908	27	3	ROGUE
74461	16	3	WARLOCK
49828	5	3	DRUID
4959	34	3	WARLOCK
78549	5	30	Other
3098	14	30	WARLOCK
2700	5	30	PALADIN
10992	10	30	SHAMAN
173	37	30	SHAMAN
2143	16	30	ROGUE
2777	11	30	ROGUE
5146	5	30	DRUID
48	2	30	HUNTER
100	33	30	PALADIN
748	42	30	NEUTRAL
375	48	30	NEUTRAL
129	52	30	WARRIOR
486	42	2	DRUID
358	56	2	PRIEST
740	39	3	WARLOCK
8048	37	3	WARRIOR
1389	48	3	WARRIOR
221	26	30	The Coin
771	2	30	PALADIN
1043	37	3	HUNTER
25	48	2	MAGE
152	46	3	ROGUE
79	47	3	HUNTER
302	3	3	The Coin
17	89	2	WARRIOR
36	52	2	PALADIN
28	62	3	Other
1	61	3	ROGUE
2	88	2	DRUID
20	7	30	NEUTRAL
5	70	30	NEUTRAL
3	57	2	HUNTER
6	78	30	WARRIOR
5	52	3	NEUTRAL
3	53	3	WARLOCK
1	65	3	ROGUE
57674	42	2	Other
16699	23	2	HUNTER
6021	27	2	HUNTER
5782	27	2	PALADIN
18556	20	2	PALADIN
21801	6	2	PRIEST
31742	8	2	PRIEST
2984	40	2	PRIEST
17403	32	2	WARRIOR
14463	35	2	WARRIOR
3170	29	2	MAGE
7325	29	2	DRUID
49571	12	2	ROGUE
6473	46	2	WARRIOR
2350	54	2	NEUTRAL
76612	16	2	NEUTRAL
1792134	5	3	Other
27636	10	3	HUNTER
82377	14	3	WARLOCK
25864	4	3	PRIEST
647	52	3	WARRIOR
22249	7	3	WARRIOR
52424	16	3	ROGUE
30233	5	3	PALADIN
63027	11	3	ROGUE
12186	33	3	DRUID
134579	12	30	Other
8150	36	30	Other
335	28	30	WARLOCK
3287	9	30	PALADIN
3279	21	30	SHAMAN
1546	20	30	WARRIOR
560	34	30	WARRIOR
3053	9	30	MAGE
549	24	30	DRUID
5510	9	30	DRUID
31	38	30	The Coin
214	62	30	Other
611	74	2	Other
283	42	2	PALADIN
650	22	3	NEUTRAL
1382	22	30	WARRIOR
62	19	30	The Coin
532	33	2	ROGUE
75	13	30	The Coin
69	36	30	MAGE
270	26	30	ROGUE
32	71	2	NEUTRAL
116	65	2	PRIEST
700	44	3	PALADIN
30	72	30	PRIEST
546	2	3	HUNTER
388	49	3	SHAMAN
28	44	2	ROGUE
2	55	30	DRUID
6	62	3	MAGE
63	36	30	DRUID
42	42	3	NEUTRAL
9	74	30	WARRIOR
36	84	2	WARRIOR
1	62	30	DRUID
24	87	2	WARRIOR
3	43	30	The Coin
51	45	2	SHAMAN
75	17	30	The Coin
7	47	30	The Coin
4	56	2	HUNTER
3	76	2	NEUTRAL
8	48	3	NEUTRAL
7	41	30	WARLOCK
15	45	2	HUNTER
5	50	30	The Coin
2	54	30	ROGUE
2	61	2	HUNTER
3	72	2	The Coin
2	89	2	NEUTRAL
1	65	2	HUNTER
1	55	30	PALADIN
2163026	15	2	Other
19302	51	2	Other
65270	11	2	HUNTER
42170	19	2	WARLOCK
1905	30	2	WARLOCK
31148	11	2	PRIEST
1439	46	2	PRIEST
39171	6	2	SHAMAN
67700	3	2	WARRIOR
36307	15	2	MAGE
17697	20	2	MAGE
1154	34	2	MAGE
22116	22	2	DRUID
2906	34	2	DRUID
4405	21	2	The Coin
72748	26	2	NEUTRAL
113	37	2	WARLOCK
83	79	2	WARRIOR
2872539	12	3	Other
2461872	9	3	Other
2400	2	3	PALADIN
71207	21	3	PRIEST
40548	21	3	SHAMAN
37911	22	3	WARRIOR
97	60	3	WARRIOR
119858	9	3	MAGE
38078	30	3	MAGE
8408	19	3	The Coin
10381	17	3	The Coin
582	55	3	Other
500	22	30	HUNTER
572	42	30	PRIEST
2770	22	30	PRIEST
1659	25	30	SHAMAN
9083	3	30	ROGUE
2362	12	30	MAGE
1427	49	30	Other
15490	2	30	The Coin
827	29	30	SHAMAN
1580	34	30	NEUTRAL
2477	15	30	NEUTRAL
74	61	30	PRIEST
233	40	2	SHAMAN
4077	37	3	SHAMAN
45	50	3	The Coin
88	30	30	The Coin
6	53	2	MAGE
21	64	30	NEUTRAL
254	36	2	ROGUE
37	57	3	SHAMAN
69	70	30	Other
44	55	3	DRUID
121	55	3	MAGE
37	46	2	SHAMAN
2	60	2	DRUID
8	54	3	ROGUE
24	80	30	Other
10	84	2	PRIEST
17	83	30	Other
1	82	2	The Coin
1	87	2	NEUTRAL
9	46	2	HUNTER
1	60	2	MAGE
4	42	30	HUNTER
2	62	3	DRUID
1030957	4	2	Other
62827	6	2	WARLOCK
29684	12	2	PALADIN
44053	4	2	PALADIN
20769	7	2	SHAMAN
15031	34	2	WARRIOR
58502	14	2	ROGUE
4778	26	2	ROGUE
39698	9	2	MAGE
122737	9	2	DRUID
13	46	2	WARLOCK
799	38	2	The Coin
119	50	2	The Coin
1342	64	2	WARRIOR
29	48	2	SHAMAN
1183	58	2	NEUTRAL
602	52	2	PRIEST
671	70	2	WARRIOR
985399	26	3	Other
2872184	18	3	Other
2989686	16	3	Other
5399	31	3	HUNTER
28825	24	3	HUNTER
21834	26	3	PALADIN
40247	16	3	PALADIN
81958	3	3	PALADIN
2067	39	3	PALADIN
24148	31	3	PRIEST
52578	24	3	PRIEST
3751	43	3	PRIEST
27536	24	3	SHAMAN
25571	5	3	SHAMAN
63068	6	3	MAGE
70012	21	3	WARLOCK
299003	6	3	The Coin
8128	33	3	SHAMAN
79255	16	3	DRUID
132216	13	30	Other
704	25	30	WARLOCK
3683	5	30	PRIEST
1961	24	30	SHAMAN
1347	12	30	WARRIOR
1219	10	30	WARRIOR
2061	18	30	MAGE
2525	3	30	MAGE
1706	18	30	DRUID
6	46	30	The Coin
798	21	30	ROGUE
1144	33	30	PRIEST
2926	19	30	NEUTRAL
480	44	30	PRIEST
144	42	2	SHAMAN
78	48	3	ROGUE
241	29	30	WARLOCK
459	26	30	PALADIN
47	41	2	WARLOCK
314	64	2	NEUTRAL
304	40	3	The Coin
113	45	3	The Coin
28	44	3	NEUTRAL
26	67	30	PRIEST
84	11	30	The Coin
18	56	3	The Coin
3	67	3	PRIEST
1	80	30	NEUTRAL
46	62	3	PRIEST
6	88	2	PRIEST
1	77	2	ROGUE
1	58	3	ROGUE
20	77	30	Other
3	55	2	MAGE
4	62	2	DRUID
1	58	30	ROGUE
1	67	2	The Coin
3	52	2	HUNTER
3	44	30	HUNTER
25966	21	2	HUNTER
25121	21	2	PRIEST
5920	34	2	PRIEST
8334	24	2	ROGUE
2380	30	2	MAGE
666	37	2	MAGE
5939	30	2	DRUID
35274	19	2	DRUID
1376	70	2	Other
187571	10	2	The Coin
1138	36	2	The Coin
7149	45	2	WARRIOR
2874	56	2	WARRIOR
55042	29	2	NEUTRAL
67390	27	2	NEUTRAL
971	31	2	ROGUE
1999	60	2	WARRIOR
362324	31	3	Other
57145	19	3	HUNTER
27252	43	3	Other
55079	23	3	WARLOCK
78604	19	3	PRIEST
29742	10	3	SHAMAN
52539	28	3	MAGE
30004	28	3	DRUID
108844	14	3	The Coin
18066	30	3	WARRIOR
11917	33	30	Other
2456	10	30	PRIEST
820	37	30	PRIEST
2720	4	30	PRIEST
6335	4	30	SHAMAN
1329	7	30	WARRIOR
477	23	30	ROGUE
2752	44	30	Other
1512	5	30	MAGE
816	24	30	MAGE
268	28	30	DRUID
94	33	30	DRUID
39	38	30	PALADIN
2151	30	30	NEUTRAL
180	48	30	WARRIOR
423	37	30	WARRIOR
854	68	2	WARRIOR
1265	18	30	The Coin
55	88	2	Other
221	43	3	HUNTER
326	28	30	PALADIN
1	63	30	WARLOCK
152	31	30	PALADIN
223	52	30	NEUTRAL
39	75	2	PRIEST
145	33	30	MAGE
59	34	30	WARLOCK
12	39	30	ROGUE
21	41	30	DRUID
15	44	30	PALADIN
10	43	30	PALADIN
2	56	3	ROGUE
11	66	3	Other
2	57	3	ROGUE
2	3	30	The Coin
2	80	2	The Coin
1	75	2	HUNTER
1	82	2	HUNTER
1	60	30	ROGUE
1017199	23	2	Other
411641	29	2	Other
768502	25	2	Other
57859	15	2	HUNTER
977	72	2	Other
82181	9	2	WARLOCK
5325	61	2	Other
3978	29	2	PALADIN
26776	15	2	PRIEST
45272	14	2	SHAMAN
30169	15	2	SHAMAN
23067	11	2	WARRIOR
144	38	2	ROGUE
7071	25	2	MAGE
26315	21	2	DRUID
539	53	2	PRIEST
825450	2	3	Other
32119	4	3	HUNTER
35309	12	3	HUNTER
32793	6	3	WARLOCK
3433	35	3	WARLOCK
34670	12	3	SHAMAN
45020	21	3	WARRIOR
31107	6	3	ROGUE
1316	47	3	MAGE
3078	43	3	MAGE
625	50	3	MAGE
11371	24	3	The Coin
1427	31	3	The Coin
118028	9	30	Other
18671	30	30	Other
2711	16	30	WARLOCK
8366	3	30	WARLOCK
1302	19	30	PALADIN
7625	12	30	SHAMAN
13	40	30	ROGUE
2606	6	30	ROGUE
1170	50	30	Other
559	55	30	Other
6134	38	30	Other
2976	13	30	MAGE
2072	19	30	MAGE
2592	17	30	MAGE
1950	17	30	DRUID
1369	19	30	DRUID
3900	13	30	DRUID
1796	17	30	PALADIN
2379	29	30	NEUTRAL
2865	25	30	NEUTRAL
298	49	30	PRIEST
806	1	30	WARLOCK
317	42	30	WARRIOR
390	73	2	WARRIOR
42	38	30	MAGE
66	57	30	WARRIOR
150	45	3	ROGUE
1483	43	3	DRUID
137	36	2	WARLOCK
75	32	30	ROGUE
29	86	2	WARRIOR
225	50	3	DRUID
71	46	3	WARLOCK
66	52	2	The Coin
50	38	30	DRUID
20	44	2	WARLOCK
5	64	2	The Coin
13	37	30	HUNTER
37	43	2	ROGUE
4	82	30	WARRIOR
5	50	2	ROGUE
5	46	30	ROGUE
5	39	30	WARLOCK
2	72	2	DRUID
2	58	2	PALADIN
5	47	30	DRUID
15	6	2	NEUTRAL
14	81	30	Other
4	55	2	ROGUE
6	50	30	DRUID
1	67	30	DRUID
3	50	30	PALADIN
1	63	3	ROGUE
4	72	30	NEUTRAL
1	81	30	DRUID
4	57	2	PALADIN
2	61	2	PALADIN
86276	39	2	Other
65745	41	2	Other
7041	59	2	Other
15123	53	2	Other
47883	16	2	HUNTER
1392	32	2	HUNTER
7868	26	2	HUNTER
3956	63	2	Other
29392	15	2	PALADIN
39522	14	2	PALADIN
27079	1	2	PALADIN
453	39	2	PALADIN
7480	32	2	PRIEST
28593	14	2	MAGE
996	35	2	MAGE
29469	20	2	DRUID
60274	14	2	DRUID
478	54	2	PRIEST
2312	27	2	The Coin
3038	25	2	The Coin
1904	29	2	The Coin
4729	28	2	SHAMAN
1029	35	2	PALADIN
1836	32	2	SHAMAN
6042	47	2	NEUTRAL
792	73	2	Other
23786	28	3	WARLOCK
61164	22	3	PRIEST
50406	25	3	PRIEST
156	57	3	PRIEST
48	61	3	PRIEST
34055	23	3	SHAMAN
27273	25	3	SHAMAN
89989	7	3	MAGE
12896	36	3	MAGE
1054	48	3	MAGE
76861	9	3	DRUID
414	48	3	DRUID
75958	12	3	DRUID
69122	18	3	WARLOCK
525	38	3	The Coin
2857	30	3	The Coin
40032	20	3	WARRIOR
15649	29	3	SHAMAN
1303	7	30	HUNTER
727	20	30	HUNTER
867	24	30	WARLOCK
1889	27	30	PRIEST
2813	20	30	PRIEST
3823	20	30	SHAMAN
1079	8	30	WARRIOR
1735	15	30	WARRIOR
3821	12	30	DRUID
407	57	30	Other
523	35	30	WARRIOR
131	51	30	WARRIOR
132	39	2	HUNTER
164	77	2	WARRIOR
415	37	3	The Coin
151	34	3	NEUTRAL
232	15	3	NEUTRAL
6911	36	3	DRUID
2134	14	30	NEUTRAL
69	60	3	PRIEST
5	79	2	NEUTRAL
373	42	3	HUNTER
75	52	3	PALADIN
12	61	3	SHAMAN
44	47	3	The Coin
56	59	30	WARRIOR
24	74	30	PRIEST
33	42	2	WARLOCK
16	53	2	PALADIN
22	52	3	HUNTER
144	43	3	The Coin
20	82	30	Other
13	1	30	WARRIOR
7	61	2	The Coin
16	57	2	The Coin
4	54	2	HUNTER
3	49	30	PALADIN
2	73	30	NEUTRAL
1	69	30	DRUID
10	49	2	ROGUE
3	53	3	NEUTRAL
1	47	30	ROGUE
3	59	2	PALADIN
2	49	30	DRUID
2	68	2	The Coin
153291	35	2	Other
539200	1	2	Other
1864	31	2	HUNTER
4542	28	2	HUNTER
30107	21	2	WARLOCK
34346	6	2	PALADIN
11724	28	2	PRIEST
28276	5	2	WARRIOR
59029	7	2	ROGUE
28166	16	2	MAGE
33500	11	2	MAGE
464	39	2	MAGE
19551	23	2	DRUID
1115	39	2	DRUID
16969	33	2	WARRIOR
1195	71	2	Other
43239	31	2	NEUTRAL
82670	24	2	NEUTRAL
9014	44	2	NEUTRAL
510	62	2	NEUTRAL
99	67	2	PRIEST
156	46	2	DRUID
33903	42	3	Other
2192672	7	3	Other
31184	29	3	PRIEST
30056	11	3	WARRIOR
40255	23	3	WARRIOR
3847	33	3	ROGUE
30135	24	3	ROGUE
318	52	3	MAGE
121730	12	3	The Coin
498686	4	3	The Coin
47024	21	3	HUNTER
3074	2	3	DRUID
141	27	30	HUNTER
251	25	30	HUNTER
2782	11	30	PRIEST
7315	8	30	SHAMAN
2411	23	30	SHAMAN
1818	14	30	WARRIOR
1706	16	30	WARRIOR
2670	7	30	MAGE
1112	22	30	MAGE
4654	7	30	DRUID
24	38	30	WARLOCK
1050	39	30	NEUTRAL
1531	35	30	NEUTRAL
160	56	30	PRIEST
399	45	30	PRIEST
853	22	30	DRUID
9	49	2	WARLOCK
6286	31	3	ROGUE
433	27	3	NEUTRAL
387	23	30	HUNTER
906	52	30	Other
197	53	30	NEUTRAL
922	45	3	SHAMAN
20	42	30	MAGE
1105	42	3	PALADIN
62	59	30	NEUTRAL
23	53	2	DRUID
546	20	3	NEUTRAL
17	68	30	WARRIOR
26	78	30	Other
60	56	3	SHAMAN
101	60	30	PRIEST
60	89	2	Other
16	65	3	WARRIOR
15	71	30	WARRIOR
1	54	2	MAGE
9	37	30	The Coin
6	52	30	DRUID
6	48	30	MAGE
2	52	30	PALADIN
5	48	30	DRUID
3	65	2	The Coin
2	56	3	NEUTRAL
2	58	3	HUNTER
2	52	2	ROGUE
1	62	3	ROGUE
2	47	30	WARLOCK
666473	26	2	Other
12921	24	2	HUNTER
999	33	2	HUNTER
19080	23	2	WARLOCK
5489	27	2	WARLOCK
49860	3	2	PALADIN
32812	9	2	PRIEST
34946	17	2	SHAMAN
1455	33	2	SHAMAN
56887	5	2	SHAMAN
417	38	2	SHAMAN
427	34	2	ROGUE
5506	26	2	MAGE
11822	26	2	DRUID
605	40	2	The Coin
286790	6	2	The Coin
12959	36	2	WARRIOR
24458	12	2	NEUTRAL
5068	10	2	NEUTRAL
401	55	2	PRIEST
182	62	2	PRIEST
42	83	2	WARRIOR
2597559	20	3	Other
197464	34	3	Other
606	40	3	HUNTER
141	45	3	HUNTER
81773	4	3	WARLOCK
47632	15	3	PALADIN
22808	6	3	PRIEST
2617	45	3	PRIEST
5996	40	3	PRIEST
355	54	3	PRIEST
1998	41	3	SHAMAN
56720	9	3	ROGUE
52237	10	3	ROGUE
55821	12	3	ROGUE
130732	20	3	MAGE
62851	27	3	MAGE
64071	7	3	DRUID
77386	20	3	DRUID
28059	26	3	WARRIOR
41501	20	3	PALADIN
258	44	3	ROGUE
35698	22	3	PALADIN
55345	10	3	WARLOCK
409	46	30	PRIEST
1289	32	30	PRIEST
1113	51	30	Other
8434	6	30	SHAMAN
2825	3	30	WARRIOR
6848	4	30	ROGUE
2563	14	30	PALADIN
1214	20	30	PALADIN
2639	26	30	NEUTRAL
8844	32	3	SHAMAN
207	30	30	WARLOCK
103	40	30	SHAMAN
112	34	30	MAGE
733	46	3	SHAMAN
394	54	3	WARRIOR
2000	36	3	ROGUE
344	18	3	NEUTRAL
55	54	2	The Coin
70	80	2	WARRIOR
4	61	2	WARLOCK
26	29	30	The Coin
59	69	2	NEUTRAL
19	35	30	HUNTER
3	51	30	PALADIN
1	56	3	HUNTER
2	56	2	WARLOCK
6	54	30	SHAMAN
3	58	30	DRUID
5	87	30	PRIEST
2	55	2	HUNTER
1	57	30	The Coin
1	60	3	PALADIN
1	77	30	NEUTRAL
1	60	3	HUNTER
1	85	30	NEUTRAL
75263	40	2	Other
1982622	8	2	Other
7979	58	2	Other
66304	14	2	HUNTER
1812	1	2	HUNTER
27256	8	2	PALADIN
14592	26	2	PRIEST
5273	35	2	PRIEST
7321	26	2	SHAMAN
38542	18	2	WARRIOR
23300	28	2	WARRIOR
124313	4	2	ROGUE
22460	8	2	MAGE
97750	8	2	DRUID
1315	7	2	The Coin
1461654	4	3	Other
27811	7	3	HUNTER
37951	12	3	PALADIN
49207	4	3	PALADIN
34237	7	3	PRIEST
591	52	3	PRIEST
30242	7	3	SHAMAN
500	48	3	SHAMAN
1515	42	3	SHAMAN
15369	8	3	WARRIOR
50017	18	3	ROGUE
491	41	3	ROGUE
88916	4	3	MAGE
4	62	3	The Coin
37516	9	3	PALADIN
21039	26	3	ROGUE
242	45	30	WARRIOR
3160	23	30	NEUTRAL
480	46	30	NEUTRAL
186	28	30	ROGUE
160	37	2	ROGUE
2	64	2	DRUID
549	35	2	HUNTER
66828	4	3	DRUID
33425	22	3	SHAMAN
1048	34	30	PRIEST
14	88	30	Other
85	56	30	WARRIOR
30	51	2	PALADIN
99	32	30	WARLOCK
51	36	30	The Coin
1061	33	3	The Coin
322	5	3	The Coin
5	77	2	NEUTRAL
57	64	30	PRIEST
22	64	3	WARRIOR
3	54	2	SHAMAN
2	49	30	MAGE
11	1	2	PRIEST
16	55	3	The Coin
9	43	30	ROGUE
11	87	2	PRIEST
65	8	30	NEUTRAL
27	45	3	NEUTRAL
2	85	2	NEUTRAL
3	58	2	DRUID
2	55	2	WARLOCK
1	83	2	ROGUE
1792454	18	2	Other
744823	3	2	Other
49271	5	2	HUNTER
20726	5	2	PRIEST
6830	33	2	PRIEST
54336	13	2	SHAMAN
103855	11	2	DRUID
47750	16	2	DRUID
234829	8	2	The Coin
5546	11	2	The Coin
1637	62	2	WARRIOR
23572	36	2	NEUTRAL
73	87	2	Other
42343	11	3	HUNTER
24029	25	3	HUNTER
9150	29	3	HUNTER
96594	13	3	WARLOCK
81821	19	3	WARLOCK
14317	29	3	PALADIN
31564	7	3	PALADIN
31072	8	3	PRIEST
57858	11	3	PRIEST
243	51	3	SHAMAN
23993	8	3	SHAMAN
6171	39	3	WARRIOR
33861	16	3	WARRIOR
112877	22	3	MAGE
3946	42	3	MAGE
1886	42	3	DRUID
66602	22	3	DRUID
78693	17	3	WARLOCK
35045	23	3	HUNTER
120	35	3	NEUTRAL
2206	52	3	Other
10502	34	30	Other
6840	4	30	WARLOCK
919	2	30	WARLOCK
3020	6	30	PRIEST
737	40	30	PRIEST
7984	11	30	SHAMAN
3129	15	30	MAGE
3055	10	30	ROGUE
2444	12	30	ROGUE
1070	26	30	WARRIOR
2504	18	30	NEUTRAL
2446	16	30	NEUTRAL
85	34	30	PALADIN
136	66	2	PRIEST
47	47	3	WARLOCK
588	6	30	HUNTER
27	42	30	DRUID
115	52	3	DRUID
23	58	3	SHAMAN
21	42	30	The Coin
33	45	30	SHAMAN
19	76	30	PRIEST
5	77	30	WARRIOR
33	46	30	SHAMAN
1	66	2	HUNTER
36	68	30	PRIEST
2	63	2	The Coin
31	36	30	ROGUE
89	43	2	SHAMAN
12	65	3	PRIEST
5	68	3	WARRIOR
9	89	30	PRIEST
4	68	2	DRUID
19	44	2	HUNTER
6	44	30	ROGUE
2	55	3	ROGUE
5	71	30	NEUTRAL
4	89	30	WARRIOR
13	64	3	Other
1	80	2	NEUTRAL
5	76	30	WARRIOR
2	68	3	PRIEST
1721640	19	2	Other
98398	38	2	Other
2260752	13	2	Other
1943091	17	2	Other
31129	47	2	Other
55035	12	2	HUNTER
59668	16	2	WARLOCK
694	38	2	PALADIN
31897	17	2	PALADIN
20938	19	2	PALADIN
27687	12	2	PRIEST
2083	32	2	The Coin
326	44	2	The Coin
2728	57	2	WARRIOR
915	49	2	PRIEST
78440	25	2	NEUTRAL
1388	57	2	NEUTRAL
151	47	2	DRUID
66623	3	3	HUNTER
45210	14	3	PALADIN
4580	35	3	PALADIN
31914	3	3	PRIEST
20136	32	3	PRIEST
11401	31	3	SHAMAN
104320	4	3	ROGUE
128522	16	3	MAGE
130290	18	3	MAGE
134663	14	3	MAGE
15698	35	3	MAGE
92385	15	3	DRUID
5508	23	3	The Coin
3005	27	3	The Coin
4122	25	3	The Coin
2143	29	3	The Coin
47227	21	3	ROGUE
3446	7	30	WARLOCK
44	44	30	SHAMAN
1782	17	30	WARRIOR
2370	16	30	The Coin
674	54	30	Other
1573	18	30	PALADIN
1694	19	30	WARRIOR
2540	17	30	NEUTRAL
1097	38	30	NEUTRAL
1936	13	30	NEUTRAL
294	25	30	ROGUE
59	50	2	PALADIN
72	69	2	PRIEST
484	72	2	WARRIOR
1593	37	3	WARLOCK
144	50	30	WARRIOR
30	40	30	DRUID
76	47	2	PALADIN
30	27	30	The Coin
330	17	3	NEUTRAL
20	47	3	NEUTRAL
110	66	30	Other
19	49	2	SHAMAN
7	75	2	NEUTRAL
89	53	3	DRUID
16	41	30	PALADIN
12	39	30	The Coin
37	43	3	NEUTRAL
35	48	3	WARLOCK
24	1	3	MAGE
10	72	2	NEUTRAL
7	55	2	SHAMAN
18	85	30	Other
1	73	30	DRUID
4	49	2	HUNTER
3	54	2	WARLOCK
1	56	30	ROGUE
2	69	2	HUNTER
1	66	2	The Coin
4	81	30	WARRIOR
21763	50	2	Other
50940	43	2	Other
60946	9	2	HUNTER
58288	11	2	WARLOCK
4684	36	2	PRIEST
28822	2	2	SHAMAN
49317	8	2	ROGUE
348	77	2	Other
148154	3	2	DRUID
4149	28	2	The Coin
1367	31	2	The Coin
5431	49	2	WARRIOR
3017656	14	3	Other
2316905	8	3	Other
14158	6	3	HUNTER
2218	46	3	PRIEST
3359	51	3	Other
2250	40	3	SHAMAN
62574	3	3	WARRIOR
144972	15	3	MAGE
7151	39	3	MAGE
1883	47	3	WARRIOR
115768	8	30	Other
133640	11	30	Other
203	26	30	HUNTER
987	18	30	HUNTER
1273	22	30	WARLOCK
1135	3	30	PRIEST
2401	14	30	MAGE
4228	41	30	Other
2874	15	30	DRUID
2433	8	30	PALADIN
1233	3	30	HUNTER
132	65	30	Other
727	43	30	NEUTRAL
292	50	30	NEUTRAL
436	47	30	NEUTRAL
407	36	2	HUNTER
61	47	2	MAGE
5424	34	3	PALADIN
39551	11	3	SHAMAN
161	51	3	DRUID
483	26	3	NEUTRAL
38	39	30	MAGE
19	86	30	Other
652	20	30	The Coin
175	63	30	Other
188	43	2	PALADIN
38	73	30	Other
123	46	3	HUNTER
100	51	3	PALADIN
33	25	30	The Coin
226	53	3	MAGE
89	34	30	DRUID
105	54	3	SHAMAN
22	59	3	MAGE
156	81	2	Other
21	80	2	PRIEST
46	82	2	WARRIOR
62	1	30	HUNTER
11	79	30	PRIEST
13	84	30	PRIEST
32	23	30	The Coin
5	51	2	ROGUE
2	53	30	DRUID
1	48	30	WARLOCK
1	61	3	The Coin
1	65	2	WARLOCK
3	57	3	The Coin
8	42	30	WARLOCK
1	89	30	SHAMAN
2	76	2	DRUID
1	65	2	ROGUE
1	59	30	DRUID
347552	30	2	Other
729991	2	2	Other
143800	3	2	WARLOCK
27826	2	2	PALADIN
22547	29	2	WARRIOR
37115	21	2	WARRIOR
60	41	2	ROGUE
24852	4	2	MAGE
8413	24	2	The Coin
1037	33	2	The Coin
29936	25	2	WARRIOR
1712	56	2	NEUTRAL
584	61	2	NEUTRAL
705	37	2	PALADIN
262	75	2	WARRIOR
42634	41	3	Other
61564	22	3	WARLOCK
71325	20	3	WARLOCK
1351	41	3	PALADIN
39386	18	3	PALADIN
1040	44	3	SHAMAN
48041	19	3	WARRIOR
942	50	3	WARRIOR
71050	26	3	MAGE
86175	14	3	DRUID
3576	39	3	DRUID
62416	16	3	The Coin
40719	26	3	DRUID
303	42	3	WARLOCK
15963	31	30	Other
43943	24	30	Other
1980	13	30	HUNTER
3132	15	30	WARLOCK
1725	20	30	WARLOCK
2903	17	30	PRIEST
3045	19	30	PRIEST
797	30	30	WARRIOR
186	27	30	ROGUE
354	28	30	MAGE
3765	14	30	The Coin
92	67	30	Other
116	29	30	ROGUE
139	64	2	PRIEST
58042	7	3	WARLOCK
597	19	3	NEUTRAL
6	43	30	HUNTER
932	19	30	HUNTER
347	47	30	PRIEST
1261	17	30	HUNTER
26	63	3	Other
83	13	3	NEUTRAL
7	35	30	The Coin
88	38	3	NEUTRAL
24	1	3	PALADIN
51	55	2	The Coin
55	72	2	PRIEST
15	59	3	DRUID
27	78	2	PRIEST
3	63	3	MAGE
12	38	30	HUNTER
12	62	2	The Coin
3	88	30	WARRIOR
1	57	3	WARLOCK
4	10	3	NEUTRAL
1	85	2	ROGUE
1	81	30	NEUTRAL
1	47	30	HUNTER
1	63	3	DRUID
567729	27	2	Other
2222869	14	2	Other
2058238	16	2	Other
32020	6	2	HUNTER
101	40	2	HUNTER
60114	12	2	WARLOCK
124155	4	2	WARLOCK
30830	11	2	PALADIN
29190	18	2	SHAMAN
165	41	2	SHAMAN
30163	24	2	WARRIOR
19488	31	2	WARRIOR
64357	9	2	ROGUE
4592	27	2	MAGE
10725	23	2	MAGE
10276	27	2	DRUID
7444	44	2	WARRIOR
972	67	2	WARRIOR
161	66	2	NEUTRAL
448832	30	3	Other
103539	37	3	Other
8035	48	3	Other
34613	26	3	WARLOCK
162503	3	3	WARLOCK
3103	37	3	PALADIN
4723	2	3	MAGE
162565	10	3	The Coin
28445	27	3	WARRIOR
22670	29	3	WARRIOR
11349	30	3	PALADIN
630	23	3	NEUTRAL
540	25	3	NEUTRAL
21334	30	3	DRUID
106204	7	30	Other
600	21	30	HUNTER
2300	17	30	WARLOCK
3548	13	30	WARLOCK
1933	19	30	WARLOCK
2616	7	30	PALADIN
2213	25	30	PRIEST
1620	29	30	PRIEST
2883	21	30	PRIEST
1420	11	30	WARRIOR
471	24	30	ROGUE
2649	27	30	NEUTRAL
64	69	30	Other
365	39	30	WARRIOR
110	53	30	WARRIOR
249	56	3	WARRIOR
216	57	3	WARRIOR
5546	32	3	ROGUE
143	64	30	Other
60	46	2	MAGE
18	48	2	ROGUE
254	48	3	PALADIN
70	61	3	WARRIOR
54	60	30	WARRIOR
13	75	30	PRIEST
173	30	30	DRUID
11	85	2	PRIEST
119	58	3	PRIEST
6	57	2	DRUID
74	31	30	ROGUE
81	29	30	HUNTER
39	61	30	NEUTRAL
18	42	30	PALADIN
2	52	30	MAGE
24	58	2	The Coin
2	56	30	SHAMAN
1	57	3	HUNTER
1	69	2	ROGUE
2	61	2	DRUID
1	74	2	The Coin
